<?xml version="1.0" encoding="UTF-8"?><idempiere Name="C_UOM" Version="1.0.0" idempiereVersion="10.0.0.202308160708" DataBaseVersion="2022-12-24" Description="" Author="SuperUser" AuthorEmail="superuser @ idempiere.com" CreatedDate="Thu May 30 10:14:17 CLT 2024" UpdatedDate="Thu May 30 10:14:17 CLT 2024" PackOutVersion="100" UpdateDictionary="true" Client="0-SYSTEM-System" AD_Client_UU="11237b53-9592-4af1-b3c5-afd216514b5d">
    <C_UOM type="table">
        <AD_Client_ID>0</AD_Client_ID>
        <AD_Org_ID>0</AD_Org_ID>
        <C_UOM_ID>101</C_UOM_ID>
        <Name>Hour</Name>
        <Description/>
        <StdPrecision>2</StdPrecision>
        <CostingPrecision>2</CostingPrecision>
        <AD_Org_ID reference="id">0</AD_Org_ID>
        <IsActive>Y</IsActive>
        <UOMSymbol>h</UOMSymbol>
        <X12DE355>HR</X12DE355>
        <IsDefault>N</IsDefault>
        <UOMType>TM</UOMType>
        <C_UOM_UU>ddba8d0f-26ca-4fe4-8253-a60d0dd22d1b</C_UOM_UU>
        <C_UOM_Trl type="translation">
            <Description/>
            <Name>Hora</Name>
            <UOMSymbol>h  </UOMSymbol>
            <AD_Language>es_CO</AD_Language>
            <IsActive>Y</IsActive>
            <IsTranslated>N</IsTranslated>
        </C_UOM_Trl>
        <C_UOM_Trl type="translation">
            <Description/>
            <Name>Hora</Name>
            <UOMSymbol>h  </UOMSymbol>
            <AD_Language>es_CL</AD_Language>
            <IsActive>Y</IsActive>
            <IsTranslated>N</IsTranslated>
        </C_UOM_Trl>
        <C_UOM_Trl type="translation">
            <Description/>
            <Name>Hora</Name>
            <UOMSymbol>h  </UOMSymbol>
            <AD_Language>es_PA</AD_Language>
            <IsActive>Y</IsActive>
            <IsTranslated>N</IsTranslated>
        </C_UOM_Trl>
    </C_UOM>
    <C_UOM type="table">
        <AD_Client_ID>0</AD_Client_ID>
        <AD_Org_ID>0</AD_Org_ID>
        <C_UOM_ID>102</C_UOM_ID>
        <Name>Day</Name>
        <Description/>
        <StdPrecision>2</StdPrecision>
        <CostingPrecision>2</CostingPrecision>
        <AD_Org_ID reference="id">0</AD_Org_ID>
        <IsActive>Y</IsActive>
        <UOMSymbol>D</UOMSymbol>
        <X12DE355>DA</X12DE355>
        <IsDefault>N</IsDefault>
        <UOMType>TM</UOMType>
        <C_UOM_UU>68535d3f-596a-4400-9f72-ad032ec9e145</C_UOM_UU>
        <C_UOM_Trl type="translation">
            <Description/>
            <Name>Día</Name>
            <UOMSymbol>d  </UOMSymbol>
            <AD_Language>es_CO</AD_Language>
            <IsActive>Y</IsActive>
            <IsTranslated>N</IsTranslated>
        </C_UOM_Trl>
        <C_UOM_Trl type="translation">
            <Description/>
            <Name>Día</Name>
            <UOMSymbol>d  </UOMSymbol>
            <AD_Language>es_CL</AD_Language>
            <IsActive>Y</IsActive>
            <IsTranslated>N</IsTranslated>
        </C_UOM_Trl>
        <C_UOM_Trl type="translation">
            <Description/>
            <Name>Día</Name>
            <UOMSymbol>d  </UOMSymbol>
            <AD_Language>es_PA</AD_Language>
            <IsActive>Y</IsActive>
            <IsTranslated>N</IsTranslated>
        </C_UOM_Trl>
    </C_UOM>
    <C_UOM type="table">
        <AD_Client_ID>0</AD_Client_ID>
        <AD_Org_ID>0</AD_Org_ID>
        <C_UOM_ID>100</C_UOM_ID>
        <Name>Each</Name>
        <Description/>
        <StdPrecision>0</StdPrecision>
        <CostingPrecision>4</CostingPrecision>
        <AD_Org_ID reference="id">0</AD_Org_ID>
        <IsActive>Y</IsActive>
        <UOMSymbol>Ea</UOMSymbol>
        <X12DE355>EA</X12DE355>
        <IsDefault>Y</IsDefault>
        <UOMType>TM</UOMType>
        <C_UOM_UU>43e9ced9-60f4-4e15-adaa-2844637f4e1e</C_UOM_UU>
        <C_UOM_Trl type="translation">
            <Description/>
            <Name>Unidad</Name>
            <UOMSymbol>Un </UOMSymbol>
            <AD_Language>es_CO</AD_Language>
            <IsActive>Y</IsActive>
            <IsTranslated>N</IsTranslated>
        </C_UOM_Trl>
        <C_UOM_Trl type="translation">
            <Description/>
            <Name>Unidad</Name>
            <UOMSymbol>Un </UOMSymbol>
            <AD_Language>es_CL</AD_Language>
            <IsActive>Y</IsActive>
            <IsTranslated>N</IsTranslated>
        </C_UOM_Trl>
        <C_UOM_Trl type="translation">
            <Description/>
            <Name>Unidad</Name>
            <UOMSymbol>Un </UOMSymbol>
            <AD_Language>es_PA</AD_Language>
            <IsActive>Y</IsActive>
            <IsTranslated>N</IsTranslated>
        </C_UOM_Trl>
    </C_UOM>
    <C_UOM type="table">
        <AD_Client_ID>0</AD_Client_ID>
        <AD_Org_ID>0</AD_Org_ID>
        <C_UOM_ID>108</C_UOM_ID>
        <Name>Year</Name>
        <Description/>
        <StdPrecision>2</StdPrecision>
        <CostingPrecision>2</CostingPrecision>
        <AD_Org_ID reference="id">0</AD_Org_ID>
        <IsActive>Y</IsActive>
        <UOMSymbol>Y</UOMSymbol>
        <X12DE355>YR</X12DE355>
        <IsDefault>N</IsDefault>
        <UOMType>TM</UOMType>
        <C_UOM_UU>648f31ee-4630-4ff5-b6e2-6df0946f4ab4</C_UOM_UU>
        <C_UOM_Trl type="translation">
            <Description/>
            <Name>Año</Name>
            <UOMSymbol>a  </UOMSymbol>
            <AD_Language>es_CO</AD_Language>
            <IsActive>Y</IsActive>
            <IsTranslated>N</IsTranslated>
        </C_UOM_Trl>
        <C_UOM_Trl type="translation">
            <Description/>
            <Name>Año</Name>
            <UOMSymbol>a  </UOMSymbol>
            <AD_Language>es_CL</AD_Language>
            <IsActive>Y</IsActive>
            <IsTranslated>N</IsTranslated>
        </C_UOM_Trl>
        <C_UOM_Trl type="translation">
            <Description/>
            <Name>Año</Name>
            <UOMSymbol>a  </UOMSymbol>
            <AD_Language>es_PA</AD_Language>
            <IsActive>Y</IsActive>
            <IsTranslated>N</IsTranslated>
        </C_UOM_Trl>
    </C_UOM>
    <C_UOM type="table">
        <AD_Client_ID>0</AD_Client_ID>
        <AD_Org_ID>0</AD_Org_ID>
        <C_UOM_ID>107</C_UOM_ID>
        <Name>Working Month</Name>
        <Description>20 days</Description>
        <StdPrecision>2</StdPrecision>
        <CostingPrecision>2</CostingPrecision>
        <AD_Org_ID reference="id">0</AD_Org_ID>
        <IsActive>Y</IsActive>
        <UOMSymbol>WM</UOMSymbol>
        <X12DE355>WM</X12DE355>
        <IsDefault>N</IsDefault>
        <UOMType>TM</UOMType>
        <C_UOM_UU>828cba55-5a25-47b7-ba18-c86874223324</C_UOM_UU>
        <C_UOM_Trl type="translation">
            <Description>20 días</Description>
            <Name>Mes de Trabajo</Name>
            <UOMSymbol>M  </UOMSymbol>
            <AD_Language>es_CO</AD_Language>
            <IsActive>Y</IsActive>
            <IsTranslated>N</IsTranslated>
        </C_UOM_Trl>
        <C_UOM_Trl type="translation">
            <Description>20 días</Description>
            <Name>Mes de Trabajo</Name>
            <UOMSymbol>M  </UOMSymbol>
            <AD_Language>es_CL</AD_Language>
            <IsActive>Y</IsActive>
            <IsTranslated>N</IsTranslated>
        </C_UOM_Trl>
        <C_UOM_Trl type="translation">
            <Description>20 días</Description>
            <Name>Mes de Trabajo</Name>
            <UOMSymbol>M  </UOMSymbol>
            <AD_Language>es_PA</AD_Language>
            <IsActive>Y</IsActive>
            <IsTranslated>N</IsTranslated>
        </C_UOM_Trl>
    </C_UOM>
    <C_UOM type="table">
        <AD_Client_ID>0</AD_Client_ID>
        <AD_Org_ID>0</AD_Org_ID>
        <C_UOM_ID>104</C_UOM_ID>
        <Name>Work Day</Name>
        <Description>8 hour</Description>
        <StdPrecision>2</StdPrecision>
        <CostingPrecision>2</CostingPrecision>
        <AD_Org_ID reference="id">0</AD_Org_ID>
        <IsActive>Y</IsActive>
        <UOMSymbol>WD</UOMSymbol>
        <X12DE355>WD</X12DE355>
        <IsDefault>N</IsDefault>
        <UOMType>TM</UOMType>
        <C_UOM_UU>e12aed18-09e9-4fd1-ad41-a9d5156b37ee</C_UOM_UU>
        <C_UOM_Trl type="translation">
            <Description>8 Horas</Description>
            <Name>Día de trabajo</Name>
            <UOMSymbol>D  </UOMSymbol>
            <AD_Language>es_CO</AD_Language>
            <IsActive>Y</IsActive>
            <IsTranslated>N</IsTranslated>
        </C_UOM_Trl>
        <C_UOM_Trl type="translation">
            <Description>8 Horas</Description>
            <Name>Día de trabajo</Name>
            <UOMSymbol>D  </UOMSymbol>
            <AD_Language>es_CL</AD_Language>
            <IsActive>Y</IsActive>
            <IsTranslated>N</IsTranslated>
        </C_UOM_Trl>
        <C_UOM_Trl type="translation">
            <Description>8 Horas</Description>
            <Name>Día de trabajo</Name>
            <UOMSymbol>D  </UOMSymbol>
            <AD_Language>es_PA</AD_Language>
            <IsActive>Y</IsActive>
            <IsTranslated>N</IsTranslated>
        </C_UOM_Trl>
    </C_UOM>
    <C_UOM type="table">
        <AD_Client_ID>0</AD_Client_ID>
        <AD_Org_ID>0</AD_Org_ID>
        <C_UOM_ID>105</C_UOM_ID>
        <Name>Week</Name>
        <Description/>
        <StdPrecision>2</StdPrecision>
        <CostingPrecision>2</CostingPrecision>
        <AD_Org_ID reference="id">0</AD_Org_ID>
        <IsActive>Y</IsActive>
        <UOMSymbol>w</UOMSymbol>
        <X12DE355>WK</X12DE355>
        <IsDefault>N</IsDefault>
        <UOMType>TM</UOMType>
        <C_UOM_UU>a409bde4-f5c9-4c07-9752-99602fccd687</C_UOM_UU>
        <C_UOM_Trl type="translation">
            <Description/>
            <Name>Semana</Name>
            <UOMSymbol>s  </UOMSymbol>
            <AD_Language>es_CO</AD_Language>
            <IsActive>Y</IsActive>
            <IsTranslated>N</IsTranslated>
        </C_UOM_Trl>
        <C_UOM_Trl type="translation">
            <Description/>
            <Name>Semana</Name>
            <UOMSymbol>s  </UOMSymbol>
            <AD_Language>es_CL</AD_Language>
            <IsActive>Y</IsActive>
            <IsTranslated>N</IsTranslated>
        </C_UOM_Trl>
        <C_UOM_Trl type="translation">
            <Description/>
            <Name>Semana</Name>
            <UOMSymbol>s  </UOMSymbol>
            <AD_Language>es_PA</AD_Language>
            <IsActive>Y</IsActive>
            <IsTranslated>N</IsTranslated>
        </C_UOM_Trl>
    </C_UOM>
    <C_UOM type="table">
        <AD_Client_ID>0</AD_Client_ID>
        <AD_Org_ID>0</AD_Org_ID>
        <C_UOM_ID>106</C_UOM_ID>
        <Name>Month</Name>
        <Description>30 days</Description>
        <StdPrecision>2</StdPrecision>
        <CostingPrecision>2</CostingPrecision>
        <AD_Org_ID reference="id">0</AD_Org_ID>
        <IsActive>Y</IsActive>
        <UOMSymbol>M</UOMSymbol>
        <X12DE355>MO</X12DE355>
        <IsDefault>N</IsDefault>
        <UOMType>TM</UOMType>
        <C_UOM_UU>c2dbbdb4-433e-47d2-91bc-6e2b00c2644b</C_UOM_UU>
        <C_UOM_Trl type="translation">
            <Description>30 días</Description>
            <Name>Mes</Name>
            <UOMSymbol>m  </UOMSymbol>
            <AD_Language>es_CO</AD_Language>
            <IsActive>Y</IsActive>
            <IsTranslated>N</IsTranslated>
        </C_UOM_Trl>
        <C_UOM_Trl type="translation">
            <Description>30 días</Description>
            <Name>Mes</Name>
            <UOMSymbol>m  </UOMSymbol>
            <AD_Language>es_CL</AD_Language>
            <IsActive>Y</IsActive>
            <IsTranslated>N</IsTranslated>
        </C_UOM_Trl>
        <C_UOM_Trl type="translation">
            <Description>30 días</Description>
            <Name>Mes</Name>
            <UOMSymbol>m  </UOMSymbol>
            <AD_Language>es_PA</AD_Language>
            <IsActive>Y</IsActive>
            <IsTranslated>N</IsTranslated>
        </C_UOM_Trl>
    </C_UOM>
    <C_UOM type="table">
        <AD_Client_ID>0</AD_Client_ID>
        <AD_Org_ID>0</AD_Org_ID>
        <C_UOM_ID>103</C_UOM_ID>
        <Name>Minutes</Name>
        <Description>(lowest unit for resorce assigments)</Description>
        <StdPrecision>0</StdPrecision>
        <CostingPrecision>0</CostingPrecision>
        <AD_Org_ID reference="id">0</AD_Org_ID>
        <IsActive>Y</IsActive>
        <UOMSymbol>m</UOMSymbol>
        <X12DE355>MJ</X12DE355>
        <IsDefault>N</IsDefault>
        <UOMType>TM</UOMType>
        <C_UOM_UU>06edf453-43b0-41f3-9767-1dcc0dba33de</C_UOM_UU>
        <C_UOM_Trl type="translation">
            <Description>(unidad mínima para asignación de recursos)</Description>
            <Name>Minutos</Name>
            <UOMSymbol>m  </UOMSymbol>
            <AD_Language>es_CO</AD_Language>
            <IsActive>Y</IsActive>
            <IsTranslated>N</IsTranslated>
        </C_UOM_Trl>
        <C_UOM_Trl type="translation">
            <Description>(unidad mínima para asignación de recursos)</Description>
            <Name>Minutos</Name>
            <UOMSymbol>m  </UOMSymbol>
            <AD_Language>es_CL</AD_Language>
            <IsActive>Y</IsActive>
            <IsTranslated>N</IsTranslated>
        </C_UOM_Trl>
        <C_UOM_Trl type="translation">
            <Description>(unidad mínima para asignación de recursos)</Description>
            <Name>Minutos</Name>
            <UOMSymbol>m  </UOMSymbol>
            <AD_Language>es_PA</AD_Language>
            <IsActive>Y</IsActive>
            <IsTranslated>N</IsTranslated>
        </C_UOM_Trl>
    </C_UOM>
</idempiere>
