<?xml version="1.0" encoding="UTF-8"?><idempiere Name="AD_SysConfig" Version="1.0.0" idempiereVersion="10.0.0.qualifier" DataBaseVersion="2022-12-24" Description="" Author="SuperUser" AuthorEmail="superuser @ idempiere.com" CreatedDate="Thu May 09 11:53:18 EST 2024" UpdatedDate="Thu May 09 11:53:18 EST 2024" PackOutVersion="100" UpdateDictionary="true" Client="0-SYSTEM-System" AD_Client_UU="11237b53-9592-4af1-b3c5-afd216514b5d">
    <AD_SysConfig type="table">
        <AD_Client_ID>0</AD_Client_ID>
        <AD_Org_ID>0</AD_Org_ID>
        <AD_Org_ID reference="id">0</AD_Org_ID>
        <IsActive>Y</IsActive>
        <Name>MROLE_GETDEFAULT_RETURNS_NULL_WHEN_NO_CONTEXT</Name>
        <Value>N</Value>
        <Description/>
        <EntityType>EE01</EntityType>
        <ConfigurationLevel>S</ConfigurationLevel>
        <AD_SysConfig_UU>c943c28e-863b-4bbd-89b4-a12fe4e838b5</AD_SysConfig_UU>
    </AD_SysConfig>
</idempiere>
